test1@example.com,password
test2@example.com,password
test3@example.com,password
test4@example.com,password
test5@example.com,password
test6@example.com,password
test7@example.com,password
test8@example.com,password
test9@example.com,password
test10@example.com,password
test11@example.com,password
test12@example.com,password
test13@example.com,password
test14@example.com,password
test15@example.com,password
test16@example.com,password
test17@example.com,password
test18@example.com,password
test19@example.com,password
test20@example.com,password
test21@example.com,password
test22@example.com,password
test23@example.com,password
test24@example.com,password
test25@example.com,password
test26@example.com,password
test27@example.com,password
test28@example.com,password
test29@example.com,password
test30@example.com,password
test31@example.com,password
test32@example.com,password
test33@example.com,password
test34@example.com,password
test35@example.com,password
test36@example.com,password
test37@example.com,password
test38@example.com,password
test39@example.com,password
test40@example.com,password
test41@example.com,password
test42@example.com,password
test43@example.com,password
test44@example.com,password
test45@example.com,password
test46@example.com,password
test47@example.com,password
test48@example.com,password
test49@example.com,password
test50@example.com,password
test51@example.com,password
test52@example.com,password
test53@example.com,password
test54@example.com,password
test55@example.com,password
test56@example.com,password
test57@example.com,password
test58@example.com,password
test59@example.com,password
test60@example.com,password
test61@example.com,password
test62@example.com,password
test63@example.com,password
test64@example.com,password
test65@example.com,password
test66@example.com,password
test67@example.com,password
test68@example.com,password
test69@example.com,password
test70@example.com,password
test71@example.com,password
test72@example.com,password
test73@example.com,password
test74@example.com,password
test75@example.com,password
test76@example.com,password
test77@example.com,password
test78@example.com,password
test79@example.com,password
test80@example.com,password
test81@example.com,password
test82@example.com,password
test83@example.com,password
test84@example.com,password
test85@example.com,password
test86@example.com,password
test87@example.com,password
test88@example.com,password
test89@example.com,password
test90@example.com,password
test91@example.com,password
test92@example.com,password
test93@example.com,password
test94@example.com,password
test95@example.com,password
test96@example.com,password
test97@example.com,password
test98@example.com,password
test99@example.com,password
test100@example.com,password
test101@example.com,password
test102@example.com,password
test103@example.com,password
test104@example.com,password
test105@example.com,password
test106@example.com,password
test107@example.com,password
test108@example.com,password
test109@example.com,password
test110@example.com,password
test111@example.com,password
test112@example.com,password
test113@example.com,password
test114@example.com,password
test115@example.com,password
test116@example.com,password
test117@example.com,password
test118@example.com,password
test119@example.com,password
test120@example.com,password
test121@example.com,password
test122@example.com,password
test123@example.com,password
test124@example.com,password
test125@example.com,password
test126@example.com,password
test127@example.com,password
test128@example.com,password
test129@example.com,password
test130@example.com,password
test131@example.com,password
test132@example.com,password
test133@example.com,password
test134@example.com,password
test135@example.com,password
test136@example.com,password
test137@example.com,password
test138@example.com,password
test139@example.com,password
test140@example.com,password
test141@example.com,password
test142@example.com,password
test143@example.com,password
test144@example.com,password
test145@example.com,password
test146@example.com,password
test147@example.com,password
test148@example.com,password
test149@example.com,password
test150@example.com,password
test151@example.com,password
test152@example.com,password
test153@example.com,password
test154@example.com,password
test155@example.com,password
test156@example.com,password
test157@example.com,password
test158@example.com,password
test159@example.com,password
test160@example.com,password
test161@example.com,password
test162@example.com,password
test163@example.com,password
test164@example.com,password
test165@example.com,password
test166@example.com,password
test167@example.com,password
test168@example.com,password
test169@example.com,password
test170@example.com,password
test171@example.com,password
test172@example.com,password
test173@example.com,password
test174@example.com,password
test175@example.com,password
test176@example.com,password
test177@example.com,password
test178@example.com,password
test179@example.com,password
test180@example.com,password
test181@example.com,password
test182@example.com,password
test183@example.com,password
test184@example.com,password
test185@example.com,password
test186@example.com,password
test187@example.com,password
test188@example.com,password
test189@example.com,password
test190@example.com,password
test191@example.com,password
test192@example.com,password
test193@example.com,password
test194@example.com,password
test195@example.com,password
test196@example.com,password
test197@example.com,password
test198@example.com,password
test199@example.com,password
test200@example.com,password
test201@example.com,password
test202@example.com,password
test203@example.com,password
test204@example.com,password
test205@example.com,password
test206@example.com,password
test207@example.com,password
test208@example.com,password
test209@example.com,password
test210@example.com,password
test211@example.com,password
test212@example.com,password
test213@example.com,password
test214@example.com,password
test215@example.com,password
test216@example.com,password
test217@example.com,password
test218@example.com,password
test219@example.com,password
test220@example.com,password
test221@example.com,password
test222@example.com,password
test223@example.com,password
test224@example.com,password
test225@example.com,password
test226@example.com,password
test227@example.com,password
test228@example.com,password
test229@example.com,password
test230@example.com,password
test231@example.com,password
test232@example.com,password
test233@example.com,password
test234@example.com,password
test235@example.com,password
test236@example.com,password
test237@example.com,password
test238@example.com,password
test239@example.com,password
test240@example.com,password
test241@example.com,password
test242@example.com,password
test243@example.com,password
test244@example.com,password
test245@example.com,password
test246@example.com,password
test247@example.com,password
test248@example.com,password
test249@example.com,password
test250@example.com,password
test251@example.com,password
test252@example.com,password
test253@example.com,password
test254@example.com,password
test255@example.com,password
test256@example.com,password
test257@example.com,password
test258@example.com,password
test259@example.com,password
test260@example.com,password
test261@example.com,password
test262@example.com,password
test263@example.com,password
test264@example.com,password
test265@example.com,password
test266@example.com,password
test267@example.com,password
test268@example.com,password
test269@example.com,password
test270@example.com,password
test271@example.com,password
test272@example.com,password
test273@example.com,password
test274@example.com,password
test275@example.com,password
test276@example.com,password
test277@example.com,password
test278@example.com,password
test279@example.com,password
test280@example.com,password
test281@example.com,password
test282@example.com,password
test283@example.com,password
test284@example.com,password
test285@example.com,password
test286@example.com,password
test287@example.com,password
test288@example.com,password
test289@example.com,password
test290@example.com,password
test291@example.com,password
test292@example.com,password
test293@example.com,password
test294@example.com,password
test295@example.com,password
test296@example.com,password
test297@example.com,password
test298@example.com,password
test299@example.com,password
test300@example.com,password
test301@example.com,password
test302@example.com,password
test303@example.com,password
test304@example.com,password
test305@example.com,password
test306@example.com,password
test307@example.com,password
test308@example.com,password
test309@example.com,password
test310@example.com,password
test311@example.com,password
test312@example.com,password
test313@example.com,password
test314@example.com,password
test315@example.com,password
test316@example.com,password
test317@example.com,password
test318@example.com,password
test319@example.com,password
test320@example.com,password
test321@example.com,password
test322@example.com,password
test323@example.com,password
test324@example.com,password
test325@example.com,password
test326@example.com,password
test327@example.com,password
test328@example.com,password
test329@example.com,password
test330@example.com,password
test331@example.com,password
test332@example.com,password
test333@example.com,password
test334@example.com,password
test335@example.com,password
test336@example.com,password
test337@example.com,password
test338@example.com,password
test339@example.com,password
test340@example.com,password
test341@example.com,password
test342@example.com,password
test343@example.com,password
test344@example.com,password
test345@example.com,password
test346@example.com,password
test347@example.com,password
test348@example.com,password
test349@example.com,password
test350@example.com,password
test351@example.com,password
test352@example.com,password
test353@example.com,password
test354@example.com,password
test355@example.com,password
test356@example.com,password
test357@example.com,password
test358@example.com,password
test359@example.com,password
test360@example.com,password
test361@example.com,password
test362@example.com,password
test363@example.com,password
test364@example.com,password
test365@example.com,password
test366@example.com,password
test367@example.com,password
test368@example.com,password
test369@example.com,password
test370@example.com,password
test371@example.com,password
test372@example.com,password
test373@example.com,password
test374@example.com,password
test375@example.com,password
test376@example.com,password
test377@example.com,password
test378@example.com,password
test379@example.com,password
test380@example.com,password
test381@example.com,password
test382@example.com,password
test383@example.com,password
test384@example.com,password
test385@example.com,password
test386@example.com,password
test387@example.com,password
test388@example.com,password
test389@example.com,password
test390@example.com,password
test391@example.com,password
test392@example.com,password
test393@example.com,password
test394@example.com,password
test395@example.com,password
test396@example.com,password
test397@example.com,password
test398@example.com,password
test399@example.com,password
test400@example.com,password
test401@example.com,password
test402@example.com,password
test403@example.com,password
test404@example.com,password
test405@example.com,password
test406@example.com,password
test407@example.com,password
test408@example.com,password
test409@example.com,password
test410@example.com,password
test411@example.com,password
test412@example.com,password
test413@example.com,password
test414@example.com,password
test415@example.com,password
test416@example.com,password
test417@example.com,password
test418@example.com,password
test419@example.com,password
test420@example.com,password
test421@example.com,password
test422@example.com,password
test423@example.com,password
test424@example.com,password
test425@example.com,password
test426@example.com,password
test427@example.com,password
test428@example.com,password
test429@example.com,password
test430@example.com,password
test431@example.com,password
test432@example.com,password
test433@example.com,password
test434@example.com,password
test435@example.com,password
test436@example.com,password
test437@example.com,password
test438@example.com,password
test439@example.com,password
test440@example.com,password
test441@example.com,password
test442@example.com,password
test443@example.com,password
test444@example.com,password
test445@example.com,password
test446@example.com,password
test447@example.com,password
test448@example.com,password
test449@example.com,password
test450@example.com,password
test451@example.com,password
test452@example.com,password
test453@example.com,password
test454@example.com,password
test455@example.com,password
test456@example.com,password
test457@example.com,password
test458@example.com,password
test459@example.com,password
test460@example.com,password
test461@example.com,password
test462@example.com,password
test463@example.com,password
test464@example.com,password
test465@example.com,password
test466@example.com,password
test467@example.com,password
test468@example.com,password
test469@example.com,password
test470@example.com,password
test471@example.com,password
test472@example.com,password
test473@example.com,password
test474@example.com,password
test475@example.com,password
test476@example.com,password
test477@example.com,password
test478@example.com,password
test479@example.com,password
test480@example.com,password
test481@example.com,password
test482@example.com,password
test483@example.com,password
test484@example.com,password
test485@example.com,password
test486@example.com,password
test487@example.com,password
test488@example.com,password
test489@example.com,password
test490@example.com,password
test491@example.com,password
test492@example.com,password
test493@example.com,password
test494@example.com,password
test495@example.com,password
test496@example.com,password
test497@example.com,password
test498@example.com,password
test499@example.com,password
test500@example.com,password
test501@example.com,password
test502@example.com,password
test503@example.com,password
test504@example.com,password
test505@example.com,password
test506@example.com,password
test507@example.com,password
test508@example.com,password
test509@example.com,password
test510@example.com,password
test511@example.com,password
test512@example.com,password
test513@example.com,password
test514@example.com,password
test515@example.com,password
test516@example.com,password
test517@example.com,password
test518@example.com,password
test519@example.com,password
test520@example.com,password
test521@example.com,password
test522@example.com,password
test523@example.com,password
test524@example.com,password
test525@example.com,password
test526@example.com,password
test527@example.com,password
test528@example.com,password
test529@example.com,password
test530@example.com,password
test531@example.com,password
test532@example.com,password
test533@example.com,password
test534@example.com,password
test535@example.com,password
test536@example.com,password
test537@example.com,password
test538@example.com,password
test539@example.com,password
test540@example.com,password
test541@example.com,password
test542@example.com,password
test543@example.com,password
test544@example.com,password
test545@example.com,password
test546@example.com,password
test547@example.com,password
test548@example.com,password
test549@example.com,password
test550@example.com,password
test551@example.com,password
test552@example.com,password
test553@example.com,password
test554@example.com,password
test555@example.com,password
test556@example.com,password
test557@example.com,password
test558@example.com,password
test559@example.com,password
test560@example.com,password
test561@example.com,password
test562@example.com,password
test563@example.com,password
test564@example.com,password
test565@example.com,password
test566@example.com,password
test567@example.com,password
test568@example.com,password
test569@example.com,password
test570@example.com,password
test571@example.com,password
test572@example.com,password
test573@example.com,password
test574@example.com,password
test575@example.com,password
test576@example.com,password
test577@example.com,password
test578@example.com,password
test579@example.com,password
test580@example.com,password
test581@example.com,password
test582@example.com,password
test583@example.com,password
test584@example.com,password
test585@example.com,password
test586@example.com,password
test587@example.com,password
test588@example.com,password
test589@example.com,password
test590@example.com,password
test591@example.com,password
test592@example.com,password
test593@example.com,password
test594@example.com,password
test595@example.com,password
test596@example.com,password
test597@example.com,password
test598@example.com,password
test599@example.com,password
test600@example.com,password
test601@example.com,password
test602@example.com,password
test603@example.com,password
test604@example.com,password
test605@example.com,password
test606@example.com,password
test607@example.com,password
test608@example.com,password
test609@example.com,password
test610@example.com,password
test611@example.com,password
test612@example.com,password
test613@example.com,password
test614@example.com,password
test615@example.com,password
test616@example.com,password
test617@example.com,password
test618@example.com,password
test619@example.com,password
test620@example.com,password
test621@example.com,password
test622@example.com,password
test623@example.com,password
test624@example.com,password
test625@example.com,password
test626@example.com,password
test627@example.com,password
test628@example.com,password
test629@example.com,password
test630@example.com,password
test631@example.com,password
test632@example.com,password
test633@example.com,password
test634@example.com,password
test635@example.com,password
test636@example.com,password
test637@example.com,password
test638@example.com,password
test639@example.com,password
test640@example.com,password
test641@example.com,password
test642@example.com,password
test643@example.com,password
test644@example.com,password
test645@example.com,password
test646@example.com,password
test647@example.com,password
test648@example.com,password
test649@example.com,password
test650@example.com,password
test651@example.com,password
test652@example.com,password
test653@example.com,password
test654@example.com,password
test655@example.com,password
test656@example.com,password
test657@example.com,password
test658@example.com,password
test659@example.com,password
test660@example.com,password
test661@example.com,password
test662@example.com,password
test663@example.com,password
test664@example.com,password
test665@example.com,password
test666@example.com,password
test667@example.com,password
test668@example.com,password
test669@example.com,password
test670@example.com,password
test671@example.com,password
test672@example.com,password
test673@example.com,password
test674@example.com,password
test675@example.com,password
test676@example.com,password
test677@example.com,password
test678@example.com,password
test679@example.com,password
test680@example.com,password
test681@example.com,password
test682@example.com,password
test683@example.com,password
test684@example.com,password
test685@example.com,password
test686@example.com,password
test687@example.com,password
test688@example.com,password
test689@example.com,password
test690@example.com,password
test691@example.com,password
test692@example.com,password
test693@example.com,password
test694@example.com,password
test695@example.com,password
test696@example.com,password
test697@example.com,password
test698@example.com,password
test699@example.com,password
test700@example.com,password
test701@example.com,password
test702@example.com,password
test703@example.com,password
test704@example.com,password
test705@example.com,password
test706@example.com,password
test707@example.com,password
test708@example.com,password
test709@example.com,password
test710@example.com,password
test711@example.com,password
test712@example.com,password
test713@example.com,password
test714@example.com,password
test715@example.com,password
test716@example.com,password
test717@example.com,password
test718@example.com,password
test719@example.com,password
test720@example.com,password
test721@example.com,password
test722@example.com,password
test723@example.com,password
test724@example.com,password
test725@example.com,password
test726@example.com,password
test727@example.com,password
test728@example.com,password
test729@example.com,password
test730@example.com,password
test731@example.com,password
test732@example.com,password
test733@example.com,password
test734@example.com,password
test735@example.com,password
test736@example.com,password
test737@example.com,password
test738@example.com,password
test739@example.com,password
test740@example.com,password
test741@example.com,password
test742@example.com,password
test743@example.com,password
test744@example.com,password
test745@example.com,password
test746@example.com,password
test747@example.com,password
test748@example.com,password
test749@example.com,password
test750@example.com,password
test751@example.com,password
test752@example.com,password
test753@example.com,password
test754@example.com,password
test755@example.com,password
test756@example.com,password
test757@example.com,password
test758@example.com,password
test759@example.com,password
test760@example.com,password
test761@example.com,password
test762@example.com,password
test763@example.com,password
test764@example.com,password
test765@example.com,password
test766@example.com,password
test767@example.com,password
test768@example.com,password
test769@example.com,password
test770@example.com,password
test771@example.com,password
test772@example.com,password
test773@example.com,password
test774@example.com,password
test775@example.com,password
test776@example.com,password
test777@example.com,password
test778@example.com,password
test779@example.com,password
test780@example.com,password
test781@example.com,password
test782@example.com,password
test783@example.com,password
test784@example.com,password
test785@example.com,password
test786@example.com,password
test787@example.com,password
test788@example.com,password
test789@example.com,password
test790@example.com,password
test791@example.com,password
test792@example.com,password
test793@example.com,password
test794@example.com,password
test795@example.com,password
test796@example.com,password
test797@example.com,password
test798@example.com,password
test799@example.com,password
test800@example.com,password
test801@example.com,password
test802@example.com,password
test803@example.com,password
test804@example.com,password
test805@example.com,password
test806@example.com,password
test807@example.com,password
test808@example.com,password
test809@example.com,password
test810@example.com,password
test811@example.com,password
test812@example.com,password
test813@example.com,password
test814@example.com,password
test815@example.com,password
test816@example.com,password
test817@example.com,password
test818@example.com,password
test819@example.com,password
test820@example.com,password
test821@example.com,password
test822@example.com,password
test823@example.com,password
test824@example.com,password
test825@example.com,password
test826@example.com,password
test827@example.com,password
test828@example.com,password
test829@example.com,password
test830@example.com,password
test831@example.com,password
test832@example.com,password
test833@example.com,password
test834@example.com,password
test835@example.com,password
test836@example.com,password
test837@example.com,password
test838@example.com,password
test839@example.com,password
test840@example.com,password
test841@example.com,password
test842@example.com,password
test843@example.com,password
test844@example.com,password
test845@example.com,password
test846@example.com,password
test847@example.com,password
test848@example.com,password
test849@example.com,password
test850@example.com,password
test851@example.com,password
test852@example.com,password
test853@example.com,password
test854@example.com,password
test855@example.com,password
test856@example.com,password
test857@example.com,password
test858@example.com,password
test859@example.com,password
test860@example.com,password
test861@example.com,password
test862@example.com,password
test863@example.com,password
test864@example.com,password
test865@example.com,password
test866@example.com,password
test867@example.com,password
test868@example.com,password
test869@example.com,password
test870@example.com,password
test871@example.com,password
test872@example.com,password
test873@example.com,password
test874@example.com,password
test875@example.com,password
test876@example.com,password
test877@example.com,password
test878@example.com,password
test879@example.com,password
test880@example.com,password
test881@example.com,password
test882@example.com,password
test883@example.com,password
test884@example.com,password
test885@example.com,password
test886@example.com,password
test887@example.com,password
test888@example.com,password
test889@example.com,password
test890@example.com,password
test891@example.com,password
test892@example.com,password
test893@example.com,password
test894@example.com,password
test895@example.com,password
test896@example.com,password
test897@example.com,password
test898@example.com,password
test899@example.com,password
test900@example.com,password
test901@example.com,password
test902@example.com,password
test903@example.com,password
test904@example.com,password
test905@example.com,password
test906@example.com,password
test907@example.com,password
test908@example.com,password
test909@example.com,password
test910@example.com,password
test911@example.com,password
test912@example.com,password
test913@example.com,password
test914@example.com,password
test915@example.com,password
test916@example.com,password
test917@example.com,password
test918@example.com,password
test919@example.com,password
test920@example.com,password
test921@example.com,password
test922@example.com,password
test923@example.com,password
test924@example.com,password
test925@example.com,password
test926@example.com,password
test927@example.com,password
test928@example.com,password
test929@example.com,password
test930@example.com,password
test931@example.com,password
test932@example.com,password
test933@example.com,password
test934@example.com,password
test935@example.com,password
test936@example.com,password
test937@example.com,password
test938@example.com,password
test939@example.com,password
test940@example.com,password
test941@example.com,password
test942@example.com,password
test943@example.com,password
test944@example.com,password
test945@example.com,password
test946@example.com,password
test947@example.com,password
test948@example.com,password
test949@example.com,password
test950@example.com,password
test951@example.com,password
test952@example.com,password
test953@example.com,password
test954@example.com,password
test955@example.com,password
test956@example.com,password
test957@example.com,password
test958@example.com,password
test959@example.com,password
test960@example.com,password
test961@example.com,password
test962@example.com,password
test963@example.com,password
test964@example.com,password
test965@example.com,password
test966@example.com,password
test967@example.com,password
test968@example.com,password
test969@example.com,password
test970@example.com,password
test971@example.com,password
test972@example.com,password
test973@example.com,password
test974@example.com,password
test975@example.com,password
test976@example.com,password
test977@example.com,password
test978@example.com,password
test979@example.com,password
test980@example.com,password
test981@example.com,password
test982@example.com,password
test983@example.com,password
test984@example.com,password
test985@example.com,password
test986@example.com,password
test987@example.com,password
test988@example.com,password
test989@example.com,password
test990@example.com,password
test991@example.com,password
test992@example.com,password
test993@example.com,password
test994@example.com,password
test995@example.com,password
test996@example.com,password
test997@example.com,password
test998@example.com,password
test999@example.com,password
test1000@example.com,password
